Marque/Modèle,Bonus/Malus,Rejets CO2 g/km,Coût en énergie
MERCEDES SPRINTER Combi 314 CDI 143ch 4x2 PTAC 3500 kg long Toit surélevé,+8 753€,185,736 €
MERCEDES SPRINTER Combi 314 CDI 143ch 4x2 PTAC 3500 kg normal Toit surélevé,+8 753€,185,736 €
MERCEDES SPRINTER Combi 316 CDI 163ch 4x2 PTAC 3190 kg normal Toit surélevé,+8 753€,185,736 €
MERCEDES SPRINTER Combi 316 CDI 163ch 4x2 PTAC 3500 kg normal Toit surélevé,+8 753€,185,736 €
MERCEDES SPRINTER Combi 316 CDI 163ch 4x2 PTAC 3500 kg long Toit surélevé,+8 753€,185,736 €
MERCEDES SPRINTER Combi 314 CDI 143ch 4x2 PTAC 3190 kg court Toit plat,+8 753€,185,736 €
MERCEDES SPRINTER Combi 314 CDI 143ch 4x2 PTAC 3190 kg normal Toit plat,+8 753€,185,736 €
MERCEDES SPRINTER Combi 314 CDI 143ch 4x2 PTAC 3500 kg court Toit plat,+8 753€,185,736 €
MERCEDES SPRINTER Combi 314 CDI 143ch 4x2 PTAC 3500 kg normal Toit plat,+8 753€,185,736 €
MERCEDES SPRINTER Combi 316 CDI 163ch 4x2 PTAC 3190 kg normal Toit plat,+8 753€,185,736 €
MERCEDES SPRINTER Combi 316 CDI 163ch 4x2 PTAC 3190 kg court Toit plat,+8 753€,185,736 €
MERCEDES SPRINTER Combi 316 CDI 163ch 4x2 PTAC 3500 kg court Toit plat,+8 753€,185,736 €
MERCEDES SPRINTER Combi 316 CDI 163ch 4x2 PTAC 3500 kg normal Toit plat,+8 753€,185,736 €
MERCEDES SPRINTER Combi 314 CDI 143ch 4x2 PTAC 3500 kg normal Toit surélevé,+8 753€,186,746 €
MERCEDES SPRINTER Combi 314 CDI 143ch 4x2 PTAC 3500 kg long Toit surélevé,+8 753€,186,746 €
MERCEDES SPRINTER Combi 316 CDI 163ch 4x2 PTAC 3190 kg normal Toit surélevé,+8 753€,186,746 €
MERCEDES SPRINTER Combi 316 CDI 163ch 4x2 PTAC 3500 kg normal Toit surélevé,+8 753€,186,746 €
MERCEDES SPRINTER Combi 316 CDI 163ch 4x2 PTAC 3500 kg long Toit surélevé,+8 753€,186,746 €
MERCEDES SPRINTER Combi 314 CDI 143ch 4x2 PTAC 3190 kg normal Toit plat,+8 753€,186,746 €
MERCEDES SPRINTER Combi 314 CDI 143ch 4x2 PTAC 3190 kg court Toit plat,+8 753€,186,746 €
MERCEDES SPRINTER Combi 314 CDI 143ch 4x2 PTAC 3500 kg court Toit plat,+8 753€,186,746 €
MERCEDES SPRINTER Combi 314 CDI 143ch 4x2 PTAC 3500 kg normal Toit plat,+8 753€,186,746 €
MERCEDES SPRINTER Combi 316 CDI 163ch 4x2 PTAC 3190 kg normal Toit plat,+8 753€,186,746 €
MERCEDES SPRINTER Combi 316 CDI 163ch 4x2 PTAC 3190 kg court Toit plat,+8 753€,186,746 €
MERCEDES SPRINTER Combi 316 CDI 163ch 4x2 PTAC 3500 kg court Toit plat,+8 753€,186,746 €
MERCEDES SPRINTER Combi 316 CDI 163ch 4x2 PTAC 3500 kg normal Toit plat,+8 753€,186,746 €
MERCEDES SPRINTER Combi 314 CDI 143ch 4x2 PTAC 3190 kg normal Toit surélevé,+8 753€,186,746 €
MERCEDES SPRINTER Combi 314 CDI 143ch 4x2 PTAC 3500 kg normal Toit surélevé,+8 753€,187,746 €
MERCEDES SPRINTER Combi 314 CDI 143ch 4x2 PTAC 3500 kg long Toit surélevé,+8 753€,187,746 €
MERCEDES SPRINTER Combi 316 CDI 163ch 4x2 PTAC 3500 kg normal Toit surélevé,+8 753€,187,746 €
MERCEDES SPRINTER Combi 316 CDI 163ch 4x2 PTAC 3500 kg long Toit surélevé,+8 753€,187,746 €
MERCEDES SPRINTER Combi 311 CDI 114ch 4x2 PTAC 3190 kg court Toit plat,+8 753€,187,746 €
MERCEDES SPRINTER Combi 311 CDI 114ch 4x2 PTAC 3190 kg normal Toit plat,+8 753€,187,746 €
MERCEDES SPRINTER Combi 311 CDI 114ch 4x2 PTAC 3500 kg normal Toit plat,+8 753€,187,746 €
MERCEDES SPRINTER Combi 311 CDI 114ch 4x2 PTAC 3500 kg court Toit plat,+8 753€,187,746 €
MERCEDES SPRINTER Combi 314 CDI 143ch 4x2 PTAC 3190 kg normal Toit plat,+8 753€,187,746 €
MERCEDES SPRINTER Combi 314 CDI 143ch 4x2 PTAC 3190 kg court Toit plat,+8 753€,187,746 €
MERCEDES SPRINTER Combi 314 CDI 143ch 4x2 PTAC 3500 kg normal Toit plat,+8 753€,187,746 €
MERCEDES SPRINTER Combi 314 CDI 143ch 4x2 PTAC 3500 kg court Toit plat,+8 753€,187,746 €
MERCEDES SPRINTER Combi 316 CDI 163ch 4x2 PTAC 3500 kg normal Toit plat,+8 753€,187,746 €
MERCEDES SPRINTER Combi 311 CDI 114ch 4x2 PTAC 3190 kg normal Toit surélevé,+8 753€,187,746 €
MERCEDES SPRINTER Combi 311 CDI 114ch 4x2 PTAC 3500 kg normal Toit surélevé,+8 753€,187,746 €
MERCEDES SPRINTER Combi 311 CDI 114ch 4x2 PTAC 3500 kg long Toit surélevé,+8 753€,187,746 €
MERCEDES SPRINTER Combi 314 CDI 143ch 4x2 PTAC 3190 kg normal Toit surélevé,+8 753€,187,746 €
MERCEDES SPRINTER Combi 314 CDI 143ch 4x2 PTAC 3500 kg long Toit surélevé,+8 753€,189,757 €
MERCEDES SPRINTER Combi 314 CDI 143ch 4x2 PTAC 3500 kg normal Toit surélevé,+8 753€,189,757 €
MERCEDES SPRINTER Combi 316 CDI 163ch 4x2 PTAC 3190 kg normal Toit surélevé,+8 753€,189,757 €
MERCEDES SPRINTER Combi 316 CDI 163ch 4x2 PTAC 3500 kg normal Toit surélevé,+8 753€,189,757 €
MERCEDES SPRINTER Combi 316 CDI 163ch 4x2 PTAC 3500 kg long Toit surélevé,+8 753€,189,757 €
MERCEDES SPRINTER Combi 314 CDI 143ch 4x2 PTAC 3190 kg normal Toit plat,+8 753€,189,757 €
MERCEDES SPRINTER Combi 314 CDI 143ch 4x2 PTAC 3190 kg court Toit plat,+8 753€,189,757 €
MERCEDES SPRINTER Combi 314 CDI 143ch 4x2 PTAC 3500 kg court Toit plat,+8 753€,189,757 €
MERCEDES SPRINTER Combi 314 CDI 143ch 4x2 PTAC 3500 kg normal Toit plat,+8 753€,189,757 €
MERCEDES SPRINTER Combi 316 CDI 163ch 4x2 PTAC 3190 kg normal Toit plat,+8 753€,189,757 €
MERCEDES SPRINTER Combi 316 CDI 163ch 4x2 PTAC 3190 kg court Toit plat,+8 753€,189,757 €
MERCEDES SPRINTER Combi 316 CDI 163ch 4x2 PTAC 3500 kg court Toit plat,+8 753€,189,757 €
MERCEDES SPRINTER Combi 316 CDI 163ch 4x2 PTAC 3500 kg normal Toit plat,+8 753€,189,757 €
MERCEDES SPRINTER Combi 314 CDI 143ch 4x2 PTAC 3190 kg normal Toit surélevé,+8 753€,189,757 €
MERCEDES SPRINTER Combi 314 CDI 143ch 4x2 PTAC 3500 kg normal Toit surélevé,+8 753€,197,789 €
MERCEDES SPRINTER Combi 314 CDI 143ch 4x2 PTAC 3500 kg long Toit surélevé,+8 753€,197,789 €
MERCEDES SPRINTER Combi 316 CDI 163ch 4x2 PTAC 3190 kg normal Toit surélevé,+8 753€,197,789 €
MERCEDES SPRINTER Combi 316 CDI 163ch 4x2 PTAC 3500 kg long Toit surélevé,+8 753€,197,789 €
MERCEDES SPRINTER Combi 316 CDI 163ch 4x2 PTAC 3500 kg normal Toit surélevé,+8 753€,197,789 €
MERCEDES SPRINTER Combi 314 CDI 143ch 4x4 PTAC 3500 kg normal Toit plat,+8 753€,197,789 €
MERCEDES SPRINTER Combi 316 CDI 163ch 4x4 PTAC 3500 kg normal Toit plat,+8 753€,197,789 €
MERCEDES SPRINTER Combi 314 CDI 143ch 4x4 PTAC 3500 kg normal Toit surélevé,+8 753€,197,789 €
MERCEDES SPRINTER Combi 316 CDI 163ch 4x4 PTAC 3500 kg normal Toit surélevé,+8 753€,197,789 €
MERCEDES SPRINTER Combi 311 CDI 114ch 4x2 PTAC 3190 kg court Toit plat,+8 753€,197,789 €
MERCEDES SPRINTER Combi 311 CDI 114ch 4x2 PTAC 3190 kg normal Toit plat,+8 753€,197,789 €
MERCEDES SPRINTER Combi 311 CDI 114ch 4x2 PTAC 3500 kg normal Toit plat,+8 753€,197,789 €
MERCEDES SPRINTER Combi 311 CDI 114ch 4x2 PTAC 3500 kg court Toit plat,+8 753€,197,789 €
MERCEDES SPRINTER Combi 314 CDI 143ch 4x2 PTAC 3190 kg court Toit plat,+8 753€,197,789 €
MERCEDES SPRINTER Combi 314 CDI 143ch 4x2 PTAC 3190 kg normal Toit plat,+8 753€,197,789 €
MERCEDES SPRINTER Combi 314 CDI 143ch 4x2 PTAC 3500 kg court Toit plat,+8 753€,197,789 €
MERCEDES SPRINTER Combi 314 CDI 143ch 4x2 PTAC 3500 kg normal Toit plat,+8 753€,197,789 €
MERCEDES SPRINTER Combi 316 CDI 163ch 4x2 PTAC 3190 kg normal Toit plat,+8 753€,197,789 €
MERCEDES SPRINTER Combi 316 CDI 163ch 4x2 PTAC 3190 kg court Toit plat,+8 753€,197,789 €
MERCEDES SPRINTER Combi 316 CDI 163ch 4x2 PTAC 3500 kg normal Toit plat,+8 753€,197,789 €
MERCEDES SPRINTER Combi 316 CDI 163ch 4x2 PTAC 3500 kg court Toit plat,+8 753€,197,789 €
MERCEDES SPRINTER Combi 311 CDI 114ch 4x2 PTAC 3190 kg normal Toit surélevé,+8 753€,197,789 €
MERCEDES SPRINTER Combi 311 CDI 114ch 4x2 PTAC 3500 kg normal Toit surélevé,+8 753€,197,789 €
MERCEDES SPRINTER Combi 311 CDI 114ch 4x2 PTAC 3500 kg long Toit surélevé,+8 753€,197,789 €
MERCEDES SPRINTER Combi 314 CDI 143ch 4x2 PTAC 3190 kg normal Toit surélevé,+8 753€,197,789 €
MERCEDES SPRINTER Combi 314 CDI 143ch 4x4 PTAC 3500 kg normal Toit plat,+8 753€,199,799 €
MERCEDES SPRINTER Combi 316 CDI 163ch 4x4 PTAC 3500 kg normal Toit plat,+8 753€,199,799 €
MERCEDES SPRINTER Combi 314 CDI 143ch 4x4 PTAC 3500 kg normal Toit surélevé,+8 753€,199,799 €
MERCEDES SPRINTER Combi 316 CDI 163ch 4x4 PTAC 3500 kg normal Toit surélevé,+8 753€,199,799 €
MERCEDES SPRINTER Combi 314 CDI 143ch 4x2 PTAC 3500 kg normal Toit surélevé,+8 753€,200,799 €
MERCEDES SPRINTER Combi 314 CDI 143ch 4x2 PTAC 3500 kg long Toit surélevé,+8 753€,200,799 €
MERCEDES SPRINTER Combi 316 CDI 163ch 4x2 PTAC 3190 kg normal Toit surélevé,+8 753€,200,799 €
MERCEDES SPRINTER Combi 316 CDI 163ch 4x2 PTAC 3500 kg long Toit surélevé,+8 753€,200,799 €
MERCEDES SPRINTER Combi 316 CDI 163ch 4x2 PTAC 3500 kg normal Toit surélevé,+8 753€,200,799 €
MERCEDES SPRINTER Combi 311 CDI 114ch 4x2 PTAC 3190 kg court Toit plat,+8 753€,200,799 €
MERCEDES SPRINTER Combi 311 CDI 114ch 4x2 PTAC 3190 kg normal Toit plat,+8 753€,200,799 €
MERCEDES SPRINTER Combi 311 CDI 114ch 4x2 PTAC 3500 kg normal Toit plat,+8 753€,200,799 €
MERCEDES SPRINTER Combi 311 CDI 114ch 4x2 PTAC 3500 kg court Toit plat,+8 753€,200,799 €
MERCEDES SPRINTER Combi 314 CDI 143ch 4x2 PTAC 3190 kg court Toit plat,+8 753€,200,799 €
MERCEDES SPRINTER Combi 314 CDI 143ch 4x2 PTAC 3190 kg normal Toit plat,+8 753€,200,799 €
MERCEDES SPRINTER Combi 314 CDI 143ch 4x2 PTAC 3500 kg court Toit plat,+8 753€,200,799 €
MERCEDES SPRINTER Combi 314 CDI 143ch 4x2 PTAC 3500 kg normal Toit plat,+8 753€,200,799 €
MERCEDES SPRINTER Combi 316 CDI 163ch 4x2 PTAC 3190 kg normal Toit plat,+8 753€,200,799 €
MERCEDES SPRINTER Combi 316 CDI 163ch 4x2 PTAC 3190 kg court Toit plat,+8 753€,200,799 €
MERCEDES SPRINTER Combi 316 CDI 163ch 4x2 PTAC 3500 kg normal Toit plat,+8 753€,200,799 €
MERCEDES SPRINTER Combi 316 CDI 163ch 4x2 PTAC 3500 kg court Toit plat,+8 753€,200,799 €
MERCEDES SPRINTER Combi 311 CDI 114ch 4x2 PTAC 3190 kg normal Toit surélevé,+8 753€,200,799 €
MERCEDES SPRINTER Combi 311 CDI 114ch 4x2 PTAC 3500 kg normal Toit surélevé,+8 753€,200,799 €
MERCEDES SPRINTER Combi 311 CDI 114ch 4x2 PTAC 3500 kg long Toit surélevé,+8 753€,200,799 €
MERCEDES SPRINTER Combi 314 CDI 143ch 4x2 PTAC 3190 kg normal Toit surélevé,+8 753€,200,799 €
NISSAN NV400 COMBI 3T3 8PL 2.3 dCi 110ch BVM6,+8 753€,200,810 €
NISSAN NV400 COMBI 3T3 9PL 2.3 dCi 110ch BVM6,+8 753€,200,810 €
NISSAN NV400 COMBI 3T5 8PL 2.3 dCi 110ch BVM6,+8 753€,200,810 €
NISSAN NV400 COMBI 3T5 9PL 2.3 dCi 110ch BVM6,+8 753€,200,810 €
NISSAN NV400 COMBI 3T3 8PL 2.3 dCi 170ch BVM6,+8 753€,200,810 €
NISSAN NV400 COMBI 3T3 9PL 2.3 dCi 170ch BVM6,+8 753€,200,810 €
NISSAN NV400 COMBI 3T5 8PL 2.3 dCi 170ch BVM6,+8 753€,200,810 €
NISSAN NV400 COMBI 3T5 9PL 2.3 dCi 170ch BVM6,+8 753€,200,810 €
MERCEDES SPRINTER Combi 314 CDI 143ch 4x4 PTAC 3500 kg normal Toit plat,+8 753€,207,831 €
MERCEDES SPRINTER Combi 316 CDI 163ch 4x4 PTAC 3500 kg normal Toit plat,+8 753€,207,831 €
MERCEDES SPRINTER Combi 314 CDI 143ch 4x4 PTAC 3500 kg normal Toit surélevé,+8 753€,207,831 €
MERCEDES SPRINTER Combi 316 CDI 163ch 4x4 PTAC 3500 kg normal Toit surélevé,+8 753€,207,831 €
MERCEDES SPRINTER Combi 314 CDI 143ch 4x4 PTAC 3500 kg normal Toit plat,+8 753€,210,841 €
MERCEDES SPRINTER Combi 316 CDI 163ch 4x4 PTAC 3500 kg normal Toit plat,+8 753€,210,841 €
MERCEDES SPRINTER Combi 314 CDI 143ch 4x4 PTAC 3500 kg normal Toit surélevé,+8 753€,210,841 €
MERCEDES SPRINTER Combi 316 CDI 163ch 4x4 PTAC 3500 kg normal Toit surélevé,+8 753€,210,841 €
MERCEDES SPRINTER Combi 319 CDI 190ch 4x2 PTAC 3500 kg normal Toit surélevé,+8 753€,214,862 €
MERCEDES SPRINTER Combi 319 CDI 190ch 4x2 PTAC 3500 kg long Toit surélevé,+8 753€,214,862 €
MERCEDES SPRINTER Combi 319 CDI 190ch 4x2 PTAC 3500 kg normal Toit plat,+8 753€,214,862 €
MERCEDES SPRINTER Combi 319 CDI 190ch 4x2 PTAC 3500 kg long Toit surélevé,+8 753€,216,862 €
MERCEDES SPRINTER Combi 319 CDI 190ch 4x2 PTAC 3500 kg normal Toit surélevé,+8 753€,216,862 €
MERCEDES SPRINTER Combi 319 CDI 190ch 4x2 PTAC 3500 kg normal Toit plat,+8 753€,216,862 €
MERCEDES SPRINTER Combi 319 CDI 190ch 4x2 PTAC 3500 kg normal Toit surélevé,+8 753€,217,873 €
MERCEDES SPRINTER Combi 319 CDI 190ch 4x2 PTAC 3500 kg long Toit surélevé,+8 753€,217,873 €
MERCEDES SPRINTER Combi 319 CDI 190ch 4x2 PTAC 3500 kg normal Toit plat,+8 753€,217,873 €
MERCEDES SPRINTER Combi 319 CDI 190ch 4x2 PTAC 3500 kg long Toit surélevé,+8 753€,218,873 €
MERCEDES SPRINTER Combi 319 CDI 190ch 4x2 PTAC 3500 kg normal Toit surélevé,+8 753€,218,873 €
MERCEDES SPRINTER Combi 319 CDI 190ch 4x2 PTAC 3500 kg normal Toit plat,+8 753€,218,873 €
MERCEDES SPRINTER Combi 319 CDI 190ch 4x2 PTAC 3500 kg long Toit surélevé,+8 753€,219,873 €
MERCEDES SPRINTER Combi 316 CDI 163ch 4x4 PTAC 3500 kg normal Toit plat,+8 753€,219,873 €
MERCEDES SPRINTER Combi 319 CDI 190ch 4x2 PTAC 3500 kg normal Toit surélevé,+8 753€,219,873 €
MERCEDES SPRINTER Combi 316 CDI 163ch 4x4 PTAC 3500 kg normal Toit surélevé,+8 753€,219,873 €
MERCEDES SPRINTER Combi 319 CDI 190ch 4x2 PTAC 3500 kg normal Toit plat,+8 753€,219,873 €
MERCEDES SPRINTER Combi 319 CDI 190ch 4x2 PTAC 3500 kg normal Toit surélevé,+8 753€,221,883 €
MERCEDES SPRINTER Combi 319 CDI 190ch 4x2 PTAC 3500 kg long Toit surélevé,+8 753€,221,883 €
MERCEDES SPRINTER Combi 319 CDI 190ch 4x2 PTAC 3500 kg normal Toit plat,+8 753€,221,883 €
MERCEDES SPRINTER Combi 316 CDI 163ch 4x4 PTAC 3500 kg normal Toit plat,+8 753€,222,883 €
MERCEDES SPRINTER Combi 316 CDI 163ch 4x4 PTAC 3500 kg normal Toit surélevé,+8 753€,222,883 €
MERCEDES SPRINTER Combi 316 CDI 163ch 4x4 PTAC 3500 kg normal Toit plat,+8 753€,229,915 €
MERCEDES SPRINTER Combi 316 CDI 163ch 4x4 PTAC 3500 kg normal Toit surélevé,+8 753€,229,915 €
MERCEDES SPRINTER Combi 316 CDI 163ch 4x4 PTAC 3500 kg normal Toit plat,+8 753€,232,925 €
MERCEDES SPRINTER Combi 316 CDI 163ch 4x4 PTAC 3500 kg normal Toit surélevé,+8 753€,232,925 €
MERCEDES SPRINTER Combi 319 CDI 190ch 4x2 PTAC 3500 kg long Toit surélevé,+8 753€,237,946 €
MERCEDES SPRINTER Combi 319 CDI 190ch 4x2 PTAC 3500 kg normal Toit surélevé,+8 753€,237,946 €
MERCEDES SPRINTER Combi 319 CDI 190ch 4x2 PTAC 3500 kg normal Toit plat,+8 753€,237,946 €
MERCEDES SPRINTER Combi 319 CDI 190ch 4x2 PTAC 3500 kg long Toit surélevé,+8 753€,240,957 €
MERCEDES SPRINTER Combi 319 CDI 190ch 4x2 PTAC 3500 kg normal Toit surélevé,+8 753€,240,957 €
MERCEDES SPRINTER Combi 319 CDI 190ch 4x4 PTAC 3500 kg normal Toit plat,+8 753€,240,957 €
MERCEDES SPRINTER Combi 319 CDI 190ch 4x4 PTAC 3500 kg normal Toit surélevé,+8 753€,240,957 €
MERCEDES SPRINTER Combi 319 CDI 190ch 4x2 PTAC 3500 kg normal Toit plat,+8 753€,240,957 €
MERCEDES SPRINTER Combi 319 CDI 190ch 4x2 PTAC 3500 kg normal Toit surélevé,+8 753€,243,978 €
MERCEDES SPRINTER Combi 319 CDI 190ch 4x2 PTAC 3500 kg long Toit surélevé,+8 753€,243,978 €
MERCEDES SPRINTER Combi 319 CDI 190ch 4x4 PTAC 3500 kg normal Toit plat,+8 753€,243,967 €
MERCEDES SPRINTER Combi 319 CDI 190ch 4x4 PTAC 3500 kg normal Toit surélevé,+8 753€,243,967 €
MERCEDES SPRINTER Combi 319 CDI 190ch 4x2 PTAC 3500 kg normal Toit plat,+8 753€,243,978 €
MERCEDES SPRINTER Combi 319 CDI 190ch 4x4 PTAC 3500 kg normal Toit plat,+8 753€,245,978 €
MERCEDES SPRINTER Combi 319 CDI 190ch 4x4 PTAC 3500 kg normal Toit surélevé,+8 753€,245,978 €
MERCEDES SPRINTER Combi 319 CDI 190ch 4x2 PTAC 3500 kg normal Toit surélevé,+8 753€,246,988 €
MERCEDES SPRINTER Combi 319 CDI 190ch 4x2 PTAC 3500 kg long Toit surélevé,+8 753€,246,988 €
MERCEDES SPRINTER Combi 319 CDI 190ch 4x2 PTAC 3500 kg normal Toit plat,+8 753€,246,988 €
MERCEDES SPRINTER Combi 319 CDI 190ch 4x4 PTAC 3500 kg normal Toit plat,+8 753€,249,988 €
MERCEDES SPRINTER Combi 319 CDI 190ch 4x4 PTAC 3500 kg normal Toit surélevé,+8 753€,249,988 €
MERCEDES SPRINTER Combi 319 CDI 190ch 4x4 PTAC 3500 kg normal Toit plat,+8 753€,250,999 €
MERCEDES SPRINTER Combi 319 CDI 190ch 4x4 PTAC 3500 kg normal Toit surélevé,+8 753€,250,999 €
MERCEDES SPRINTER Combi 319 CDI 190ch 4x2 PTAC 3500 kg normal Toit surélevé,+8 753€,252,1 009 €
MERCEDES SPRINTER Combi 319 CDI 190ch 4x4 PTAC 3500 kg normal Toit plat,+8 753€,252,1 009 €
MERCEDES SPRINTER Combi 319 CDI 190ch 4x2 PTAC 3500 kg long Toit surélevé,+8 753€,252,1 009 €
MERCEDES SPRINTER Combi 319 CDI 190ch 4x4 PTAC 3500 kg normal Toit surélevé,+8 753€,252,1 009 €
MERCEDES SPRINTER Combi 319 CDI 190ch 4x2 PTAC 3500 kg normal Toit plat,+8 753€,252,1 009 €
MERCEDES SPRINTER Combi 319 CDI 190ch 4x2 PTAC 3500 kg normal Toit surélevé,+8 753€,255,1 020 €
MERCEDES SPRINTER Combi 319 CDI 190ch 4x2 PTAC 3500 kg long Toit surélevé,+8 753€,255,1 020 €
MERCEDES SPRINTER Combi 319 CDI 190ch 4x2 PTAC 3500 kg normal Toit plat,+8 753€,255,1 020 €
MERCEDES SPRINTER Combi 319 CDI 190ch 4x4 PTAC 3500 kg normal Toit plat,+8 753€,260,1 041 €
MERCEDES SPRINTER Combi 319 CDI 190ch 4x4 PTAC 3500 kg normal Toit surélevé,+8 753€,260,1 041 €
MERCEDES SPRINTER Combi 319 CDI 190ch 4x4 PTAC 3500 kg normal Toit plat,+8 753€,262,1 051 €
MERCEDES SPRINTER Combi 319 CDI 190ch 4x4 PTAC 3500 kg normal Toit surélevé,+8 753€,262,1 051 €
